INSERT INTO athletes(
        athlete_name,
        gender,
        date_of_birth,
        nationality,
        weight,
        height
    )
VALUES ('Jack', 'male', '2001-02-10', 'Canada', 70, 182),
    ('James', 'male', '1999-02-10', 'USA', 80, 173),
    (
        'Rebecca',
        'female',
        '1995-02-10',
        'Morocco',
        60,
        161
    ),
    (
        'Andrew',
        'male',
        '1999-02-10',
        'Algeria',
        75,
        175
    ),
    (
        'Rachel',
        'female',
        '1995-02-10',
        'France',
        62,
        187
    ),
    (
        'Sophie',
        'female',
        '2000-02-10',
        'Germany',
        83,
        180
    ),
    (
        'Micheal',
        'male',
        '1997-02-10',
        'Australia',
        80,
        185
    ),
    ('Ayman', 'male', '2001-02-10', 'China', 67, 163),
    ('David', 'male', '1996-02-10', 'Canada', 90, 160),
    (
        'Ashely',
        'female',
        '2001-02-10',
        'Canada',
        88,
        182
    ),
    (
        'Sarah',
        'female',
        '1996-02-10',
        'Spain',
        78,
        171
    ),
    (
        'Kim',
        'female',
        '2001-02-10',
        'Germany',
        85,
        159
    ),
    (
        'Kanye',
        'male',
        '1996-02-10',
        'Canadian',
        78,
        160
    ),
    ('Drake', 'male', '1995-02-10', 'Spain', 60, 176),
    (
        'Bruno',
        'male',
        '2001-02-10',
        'Morocco',
        84,
        161
    ),
    (
        'The Weeknd',
        'male',
        '2000-02-10',
        'Tunisia',
        81,
        197
    ),
    (
        'Billie',
        'female',
        '2000-02-10',
        'Tunisia',
        76,
        168
    ),
    (
        'Emma',
        'female',
        '1999-02-10',
        'Morocco',
        85,
        164
    ),
    (
        'Justin',
        'male',
        '1997-02-10',
        'Canada',
        62,
        191
    ),
    ('Daniel', 'female', '2001-02-10', 'USA', 85, 193),
    ('Ethan', 'male', '1999-02-10', 'USA', 90, 162),
    (
        'Sophie',
        'female',
        '2000-02-10',
        'Germany',
        83,
        180
    ),
    (
        'Arriana',
        'female',
        '2001-12-10',
        'Morocco',
        80,
        170
    ),
    (
        'Rihanna',
        'female',
        '2000-02-10',
        'Germany',
        83,
        180
    ),
    (
        'Charlie',
        'female',
        '2000-02-10',
        'Germany',
        83,
        180
    ),
    (
        'Maryem',
        'female',
        '2000-02-10',
        'Germany',
        83,
        180
    ),
    (
        'Lisa',
        'female',
        '2000-02-10',
        'Germany',
        83,
        180
    ),
    (
        'Alie',
        'female',
        '2000-02-10',
        'Germany',
        83,
        180
    ),
    (
        'Maha',
        'female',
        '2000-02-10',
        'Germany',
        83,
        180
    ),
    (
        'Sophia',
        'female',
        '2000-02-10',
        'Germany',
        83,
        180
    ),
    (
        'Kylie',
        'female',
        '2000-02-10',
        'Germany',
        83,
        180
    ),
    (
        'Kiki',
        'female',
        '2000-02-10',
        'Germany',
        83,
        180
    ),
    (
        'Amine',
        'male',
        '1999-02-10',
        'Algeria',
        75,
        175
    ),
    (
        'Riyad',
        'male',
        '1999-02-10',
        'Algeria',
        75,
        175
    ),
    (
        'Samy',
        'male',
        '1999-02-10',
        'Algeria',
        75,
        175
    ),
    (
        'Joseph',
        'male',
        '1999-02-10',
        'Algeria',
        75,
        175
    ),
    (
        'Karim',
        'male',
        '1999-02-10',
        'Algeria',
        75,
        175
    ),
    (
        'Achraf',
        'male',
        '1999-02-10',
        'Algeria',
        75,
        175
    ),
    (
        'Alex',
        'male',
        '1999-02-10',
        'Algeria',
        75,
        175
    ),
    (
        'Johnny',
        'male',
        '1999-02-10',
        'Algeria',
        75,
        175
    );
INSERT INTO partners(
        company_name,
        company_contact_phone,
        company_contact_email,
        company_adress
    )
VALUES (
        'Usports',
        '613-263-3009',
        'usports@gmail.com',
        '285 McArthur Avenue,Montreal'
    ),
    (
        'University_Of_Ottawa',
        '613-263-2009',
        'uottawa@gmail.com',
        '285 Laurier Avenue,Ottawa'
    ),
    (
        'Anytime_Fitness',
        '512-263-3009',
        'anyfitness@gmail.com',
        '113 Rue Eddy,Gatineau'
    );
INSERT INTO competitions(
        competition_name,
        competition_adress,
        start_date,
        end_date,
        max_athletes,
        number_event,
        competition_contact_email,
        competition_contact_phone
    )
VALUES (
        'Do_you_even_lift_bro',
        '28 lees avenue,Ottawa',
        '2021-04-03',
        '2021-04-06',
        20,
        4,
        '613-218-4006',
        'youlift@gmail.com'
    ),
    (
        'Lifts_and_Tricks',
        '476 rideau Street,Ottawa',
        '2021-05-10',
        '2021-05-20',
        25,
        3,
        '213-218-4006',
        'lifts@gmail.com'
    ),
    (
        'Weight_and_Bars',
        '9 avenue hotel de ville ,Montreal',
        '2021-03-30',
        '2021-04-03',
        10,
        2,
        '613-354-4006',
        'weights@gmail.com'
    ),
    (
        'Pullup_and_Shut_up',
        '500 rideau Street,Ottawa',
        '2021-04-11',
        '2021-04-15',
        25,
        3,
        '223-218-4006',
        'pull@gmail.com'
    ),
    (
        'Lift_or_treat',
        '876 Laurier Avenue,Ottawa',
        '2021-05-01',
        '2021-05-05',
        25,
        3,
        '613-218-4006',
        'treat@gmail.com'
    );
INSERT INTO scoring_methods(
        main_score,
        main_tie_break,
        secondary_score,
        secondary_tie_break
    )
VALUES ('COUNT DESC', 'TIME ASC', NULL, NULL),
    ('COUNT DESC', NULL, 'COUNT DESC', NULL);
INSERT INTO organizes(
        competition_year,
        competition_name,
        company_name
    )
VALUES (2021, 'Do_you_even_lift_bro', 'Usports'),
    (2021, 'Lifts_and_Tricks',  'University_Of_Ottawa'),
    (2021,  'Weight_and_Bars', 'Anytime_Fitness');
INSERT INTO events(
        event_name,
        competition_name,
        scoring_method_id
    )
VALUES(
        'max_pullups_in_10min',
        'Do_you_even_lift_bro',
        1
    ),
    (
        'max_pushups_in_10min',
        'Do_you_even_lift_bro',
        1
    ),
    (
        'max_squates_in_10min',
        'Weight_and_Bars',
        2
    );
INSERT INTO competes_in(athlete_id, event_name, competition_name)
VALUES (1, 'max_pullups_in_10min', 'Do_you_even_lift_bro'),
    (2, 'max_pullups_in_10min', 'Do_you_even_lift_bro'),
    (3, 'max_pullups_in_10min', 'Do_you_even_lift_bro'),
    (4, 'max_pullups_in_10min', 'Do_you_even_lift_bro'),
    (5, 'max_pullups_in_10min', 'Do_you_even_lift_bro'),
    (6, 'max_pullups_in_10min', 'Do_you_even_lift_bro'),
    (7, 'max_pullups_in_10min', 'Do_you_even_lift_bro'),
    (8, 'max_pullups_in_10min', 'Do_you_even_lift_bro'),
    (9, 'max_pullups_in_10min', 'Do_you_even_lift_bro'),
    (1, 'max_pushups_in_10min', 'Do_you_even_lift_bro'),
    (2, 'max_pushups_in_10min', 'Do_you_even_lift_bro'),
    (3, 'max_pushups_in_10min', 'Do_you_even_lift_bro'),
    (4, 'max_pushups_in_10min', 'Do_you_even_lift_bro'),
    (5, 'max_pushups_in_10min', 'Do_you_even_lift_bro'),
    (6, 'max_pushups_in_10min', 'Do_you_even_lift_bro'),
    (7, 'max_pushups_in_10min', 'Do_you_even_lift_bro'),
    (8, 'max_pushups_in_10min', 'Do_you_even_lift_bro'),
    (9, 'max_pushups_in_10min', 'Do_you_even_lift_bro');
INSERT INTO scores(
        competes_in_id,
        main,
        tie_break,
        secondary,
        tie_break_secondary
    )
VALUES(1, '10', '00:01:30', NULL, NULL),
    (2, '11', '00:01:35', NULL, NULL),
    (3, '15', '00:01:43', NULL, NULL),
    (4, '15', '00:01:40', NULL, NULL),
    (5, '19', '00:02:00', NULL, NULL),
    (6, '20', '00:02:10', NULL, NULL),
    (7, '20', '00:02:10', NULL, NULL),
    (8, '21', '00:02:13', NULL, NULL),
    (9, '22', '00:02:15', NULL, NULL),
    (10, '2', '00:01:30', NULL, NULL),
    (11, '9', '00:01:35', NULL, NULL),
    (12, '5', '00:01:43', NULL, NULL),
    (13, '20', '00:01:40', NULL, NULL),
    (14, '10', '00:02:00', NULL, NULL),
    (15, '20', '00:02:10', NULL, NULL),
    (16, '21', '00:02:10', NULL, NULL),
    (17, '21', '00:02:13', NULL, NULL),
    (18, '22', '00:02:15', NULL, NULL);






INSERT INTO competes_in(athlete_id, event_name, competition_name)
VALUES (20, 'max_squates_in_10min', 'Weight_and_Bars'),
    (21, 'max_squates_in_10min', 'Weight_and_Bars'),
    (22, 'max_squates_in_10min', 'Weight_and_Bars'),
    (23, 'max_squates_in_10min', 'Weight_and_Bars'),
    (24, 'max_squates_in_10min', 'Weight_and_Bars'),
    (25, 'max_squates_in_10min', 'Weight_and_Bars'),
    (26, 'max_squates_in_10min', 'Weight_and_Bars'),
    (27, 'max_squates_in_10min', 'Weight_and_Bars'),
    (28, 'max_squates_in_10min', 'Weight_and_Bars'),
    (29, 'max_squates_in_10min', 'Weight_and_Bars'),
    (30, 'max_squates_in_10min', 'Weight_and_Bars'),
    (40, 'max_squates_in_10min', 'Weight_and_Bars');



    INSERT INTO scores(
        competes_in_id,
        main,
        tie_break,
        secondary,
        tie_break_secondary
    )
VALUES(19, '10', NULL, '10', NULL),
    (20, '11', NULL, '21', NULL),
    (21, '15', NULL, '12', NULL),
    (22, '15', NULL, 11, NULL),
    (23, '19', NULL, 3, NULL),
    (24, '20', NULL, 9, NULL),
    (25, '20', NULL, 9, NULL),
    (26, '21', NULL, 10, NULL),
    (27, '22', NULL, 23, NULL),
    (28, '2', NULL, 47, NULL),
    (29, '9', NULL, 21, NULL),
    (30, '5', NULL, 1, NULL);



/*
**********************new SEED********************************
*/

INSERT INTO scoring_methods(
        main_score,
        main_tie_break,
        secondary_score,
        secondary_tie_break
    )
VALUES ('COUNT DESC', 'TIME ASC', 'COUNT ASC', NULL);



INSERT INTO events(
        event_name,
        competition_name,
        scoring_method_id
    )
VALUES(
        'distance_ran_in_10min',
        'Lifts_and_Tricks',
        1
    ),
    (
        'jumping_jacks',
        'Lifts_and_Tricks',
        2
    ),
    (
        'handstand_pushups',
        'Lifts_and_Tricks',
        3
    );







    INSERT INTO competes_in(athlete_id, event_name, competition_name)
VALUES 
(24, 'distance_ran_in_10min', 'Lifts_and_Tricks'),
(25, 'distance_ran_in_10min', 'Lifts_and_Tricks'),
(26, 'distance_ran_in_10min', 'Lifts_and_Tricks'),
(27, 'distance_ran_in_10min', 'Lifts_and_Tricks'),
(28, 'distance_ran_in_10min', 'Lifts_and_Tricks'),
(29, 'distance_ran_in_10min', 'Lifts_and_Tricks'),
(30, 'distance_ran_in_10min', 'Lifts_and_Tricks'),
(31, 'distance_ran_in_10min', 'Lifts_and_Tricks'),
(32, 'distance_ran_in_10min', 'Lifts_and_Tricks'),
(33, 'distance_ran_in_10min', 'Lifts_and_Tricks'),
(34, 'distance_ran_in_10min', 'Lifts_and_Tricks'),
(35, 'distance_ran_in_10min', 'Lifts_and_Tricks'),
(36, 'distance_ran_in_10min', 'Lifts_and_Tricks'),
(37, 'distance_ran_in_10min', 'Lifts_and_Tricks'),
(38, 'distance_ran_in_10min', 'Lifts_and_Tricks'),
(39, 'distance_ran_in_10min', 'Lifts_and_Tricks'),
(40, 'distance_ran_in_10min', 'Lifts_and_Tricks'),
(41, 'distance_ran_in_10min', 'Lifts_and_Tricks'),
(42, 'distance_ran_in_10min', 'Lifts_and_Tricks'),
(43, 'distance_ran_in_10min', 'Lifts_and_Tricks'),
(44, 'distance_ran_in_10min', 'Lifts_and_Tricks'),
(24, 'jumping_jacks', 'Lifts_and_Tricks'),
(25, 'jumping_jacks', 'Lifts_and_Tricks'),
(26, 'jumping_jacks', 'Lifts_and_Tricks'),
(27, 'jumping_jacks', 'Lifts_and_Tricks'),
(28, 'jumping_jacks', 'Lifts_and_Tricks'),
(29, 'jumping_jacks', 'Lifts_and_Tricks'),
(30, 'jumping_jacks', 'Lifts_and_Tricks'),
(31, 'jumping_jacks', 'Lifts_and_Tricks'),
(32, 'jumping_jacks', 'Lifts_and_Tricks'),
(33, 'jumping_jacks', 'Lifts_and_Tricks'),
(34, 'jumping_jacks', 'Lifts_and_Tricks'),
(35, 'jumping_jacks', 'Lifts_and_Tricks'),
(36, 'jumping_jacks', 'Lifts_and_Tricks'),
(37, 'jumping_jacks', 'Lifts_and_Tricks'),
(38, 'jumping_jacks', 'Lifts_and_Tricks'),
(39, 'jumping_jacks', 'Lifts_and_Tricks'),
(40, 'jumping_jacks', 'Lifts_and_Tricks'),
(41, 'jumping_jacks', 'Lifts_and_Tricks'),
(42, 'jumping_jacks', 'Lifts_and_Tricks'),
(43, 'jumping_jacks', 'Lifts_and_Tricks'),
(44, 'jumping_jacks', 'Lifts_and_Tricks'),
(24, 'handstand_pushups', 'Lifts_and_Tricks'),
(25, 'handstand_pushups', 'Lifts_and_Tricks'),
(26, 'handstand_pushups', 'Lifts_and_Tricks'),
(27, 'handstand_pushups', 'Lifts_and_Tricks'),
(28, 'handstand_pushups', 'Lifts_and_Tricks'),
(29, 'handstand_pushups', 'Lifts_and_Tricks'),
(30, 'handstand_pushups', 'Lifts_and_Tricks'),
(31, 'handstand_pushups', 'Lifts_and_Tricks'),
(32, 'handstand_pushups', 'Lifts_and_Tricks'),
(33, 'handstand_pushups', 'Lifts_and_Tricks'),
(34, 'handstand_pushups', 'Lifts_and_Tricks'),
(35, 'handstand_pushups', 'Lifts_and_Tricks'),
(36, 'handstand_pushups', 'Lifts_and_Tricks'),
(37, 'handstand_pushups', 'Lifts_and_Tricks'),
(38, 'handstand_pushups', 'Lifts_and_Tricks'),
(39, 'handstand_pushups', 'Lifts_and_Tricks'),
(40, 'handstand_pushups', 'Lifts_and_Tricks'),
(41, 'handstand_pushups', 'Lifts_and_Tricks'),
(42, 'handstand_pushups', 'Lifts_and_Tricks'),
(43, 'handstand_pushups', 'Lifts_and_Tricks'),
(44, 'handstand_pushups', 'Lifts_and_Tricks');



    



INSERT INTO scores(
        competes_in_id,
        main,
        tie_break,
        secondary,
        tie_break_secondary
    )
VALUES(33, '10', '00:01:15', NULL, NULL),
(34, '10', '00:01:15', NULL, NULL),
(35, '19', '00:01:25', NULL, NULL),
(36, '18', '00:02:35', NULL, NULL),
(37, '26', '00:02:45', NULL, NULL),
(38, '25', '00:02:00', NULL, NULL),
(39, '9', '00:01:20', NULL, NULL),
(40, '15', '00:01:55', NULL, NULL),
(41, '29', '00:01:12', NULL, NULL),
(42, '24', '00:01:10', NULL, NULL),
(43, '19', '00:02:11', NULL, NULL),
(44, '14', '00:02:09', NULL, NULL),
(45, '15', '00:02:45', NULL, NULL),
(46, '6', '00:01:12', NULL, NULL),
(47, '20', '00:01:01', NULL, NULL),
(48, '30', '00:01:02', NULL, NULL),
(49, '31', '00:01:15', NULL, NULL),
(50, '22', '00:02:45', NULL, NULL),
(51, '34', '00:02:10', NULL, NULL),
(52, '35', '00:01:29', NULL, NULL),
(53, '12', '00:01:25', NULL, NULL),

(54, '10', NULL, '20', NULL),
(55, '11', NULL, '10', NULL),
(56, '12', NULL, '25', NULL),
(57, '12', NULL, '25', NULL),
(58, '24', NULL, '11', NULL),
(59, '20', NULL, '23', NULL),
(60, '35', NULL, '15', NULL),
(61, '28', NULL, '10', NULL),
(62, '22', NULL, '28', NULL),
(63, '16', NULL, '28', NULL),
(64, '15', NULL, '15', NULL),
(65, '20', NULL, '11', NULL),
(66, '29', NULL, '16', NULL),
(67, '33', NULL, '29', NULL),
(68, '35', NULL, '20', NULL),
(69, '11', NULL, '20', NULL),
(70, '25', NULL, '26', NULL),
(71, '20', NULL, '19', NULL),
(72, '20', NULL, '19', NULL),
(73, '10', NULL, '10', NULL),
(74, '25', NULL, '15', NULL),

(75, '25', '00:01:15', '5', NULL),
(76, '32', '00:02:12', '5', NULL),
(77, '12', '00:02:55', '3', NULL),
(78, '23', '00:01:55', '2', NULL),
(79, '11', '00:02:38', '1', NULL),
(80, '23', '00:01:55', '2', NULL),
(81, '26', '00:01:16', '9', NULL),
(82, '13', '00:02:06', '11', NULL),
(83, '17', '00:02:09', '2', NULL),
(84, '34', '00:01:12', '3', NULL),
(85, '32', '00:01:25', '14', NULL),
(86, '42', '00:02:23', '14', NULL),
(87, '21', '00:02:16', '16', NULL),
(88, '23', '00:01:36', '2', NULL),
(89, '43', '00:01:45', '7', NULL),
(89, '25', '00:01:15', '9', NULL),
(90, '29', '00:02:02', '8', NULL),
(91, '18', '00:01:01', '5', NULL),
(92, '16', '00:01:12', '12', NULL),
(93, '20', '00:02:11', '2', NULL),
(94, '26', '00:02:23', '3', NULL);



















